model,feature,importance
logistic_regression,demand_mw,0.0048880980505566106
logistic_regression,solar_mw,-0.0025973012630349846
logistic_regression,wind_mw,-0.0026967007602468228
logistic_regression,temperature,-0.0005067754768157795
logistic_regression,humidity,0.0001225615963402704
logistic_regression,renewable_mw,-0.010942239346125976
logistic_regression,renewable_penetration,0.03633607205642711
logistic_regression,net_load,0.005697945626551215
logistic_regression,renewable_ramp,-0.006335544783396596
logistic_regression,demand_change,-0.0033920117488142887
logistic_regression,peak_load,-0.008286768500287084
logistic_regression,temp_stress,0.0
logistic_regression,demand_3h_avg,-0.002350647725791083
logistic_regression,demand_6h_avg,0.018383190695534558
logistic_regression,demand_24h_avg,0.0010777318043882656
logistic_regression,renewable_volatility,-0.0006204859008411501
logistic_regression,outages_24h,0.006395731812359406
logistic_regression,outages_7d,-0.0007160354801657942
logistic_regression,previous_outage,0.04122224852604271
logistic_regression,hour,0.055019946243988184
logistic_regression,is_weekend,0.0003690447630530391
random_forest,demand_mw,0.006893736422646857
random_forest,solar_mw,0.0001257997239011266
random_forest,wind_mw,-0.006357769247137763
random_forest,temperature,-0.000308923738707878
random_forest,humidity,0.002015405922666774
random_forest,renewable_mw,-0.006139274673859945
random_forest,renewable_penetration,-0.006991569976113565
random_forest,net_load,0.008619952592672236
random_forest,renewable_ramp,0.0006336318774088634
random_forest,demand_change,0.00022226699657859617
random_forest,peak_load,-0.0019962668350007205
random_forest,temp_stress,0.0
random_forest,demand_3h_avg,-0.004528135689172758
random_forest,demand_6h_avg,-0.004697747010141351
random_forest,demand_24h_avg,-0.0032742702972139216
random_forest,renewable_volatility,0.00401830117695684
random_forest,outages_24h,0.006679465098787063
random_forest,outages_7d,-0.0014314503736606254
random_forest,previous_outage,0.03186937203533785
random_forest,hour,0.017308426843545582
random_forest,is_weekend,-3.98342597381085e-05
